AIRCRAFT_FAMILY,2022_PERCENTAGE_SHARE
Airbus A319/A320,16.343133397737876
Airbus A321,8.91909245504605
Boeing 737,31.567814128842244
Boeing 737 Max,2.2360666813602403
OTHER,40.93389333701359
