AIRCRAFT_FAMILY,2019_PERCENTAGE_SHARE
Airbus A319/A320,14.439026454237572
Airbus A321,6.385125664995265
Boeing 737,29.8579630813821
Boeing 737 Max,0.18129880819046992
OTHER,49.1365859911946
